City_ID,City,Country,Date,Lat,Lng,Max Temp,Humidity,Cloudiness,Wind Speed
0,Porto Novo,BJ,2022-04-27 01:42:20,6.4965,2.6036,82.22,82,100,8.16
1,Huilong,CN,2022-04-27 01:42:21,31.8111,121.655,64.92,64,100,16.58
2,Dikson,RU,2022-04-27 01:42:21,73.5069,80.5464,13.03,90,93,9.13
3,Mataura,NZ,2022-04-27 01:42:22,-46.1927,168.8643,55.47,89,85,3.78
4,Bethel,US,2022-04-27 01:42:22,41.3712,-73.414,55.49,92,100,0.0
5,Ushuaia,AR,2022-04-27 01:38:42,-54.8,-68.3,38.86,81,75,16.11
6,George Town,MY,2022-04-27 01:41:54,5.4112,100.3354,84.13,87,20,6.91
7,New Norfolk,AU,2022-04-27 01:42:23,-42.7826,147.0587,59.92,80,100,1.81
8,Kavaratti,IN,2022-04-27 01:42:23,10.5669,72.642,84.94,72,10,4.7
9,Rikitea,PF,2022-04-27 01:42:24,-23.1203,-134.9692,77.88,71,100,20.92
10,Hermanus,ZA,2022-04-27 01:42:24,-34.4187,19.2345,50.81,81,0,10.07
11,East London,ZA,2022-04-27 01:40:22,-33.0153,27.9116,62.28,73,90,10.51
12,San Policarpo,PH,2022-04-27 01:42:25,12.1791,125.5072,81.52,86,100,11.9
13,Jalu,LY,2022-04-27 01:42:25,29.0331,21.5482,74.37,20,99,15.48
14,Riyadh,SA,2022-04-27 01:41:33,24.6877,46.7219,73.54,43,0,9.46
15,Barrow,US,2022-04-27 01:42:26,71.2906,-156.7887,10.42,85,100,13.8
16,Punta Arenas,CL,2022-04-27 01:41:37,-53.15,-70.9167,37.51,70,40,5.75
17,Hilo,US,2022-04-27 01:42:27,19.7297,-155.09,85.28,80,40,14.97
18,Constitucion,CL,2022-04-27 01:42:27,-35.3333,-72.4167,49.89,88,7,6.46
19,Clyde River,CA,2022-04-27 01:40:29,70.4692,-68.5914,-3.77,92,0,9.22
20,Tasiilaq,GL,2022-04-27 01:39:07,65.6145,-37.6368,30.36,91,83,4.68
21,Qaanaaq,GL,2022-04-27 01:42:28,77.484,-69.3632,11.64,63,56,8.14
22,Khatanga,RU,2022-04-27 01:42:28,71.9667,102.5,19.29,84,100,10.16
23,Santiago Del Estero,AR,2022-04-27 01:42:07,-27.7951,-64.2615,79.99,63,100,6.29
24,Geraldton,AU,2022-04-27 01:42:29,-28.7667,114.6,64.81,82,75,14.97
25,Margate,GB,2022-04-27 01:42:29,51.3813,1.3862,47.7,76,88,5.01
26,Busselton,AU,2022-04-27 01:42:30,-33.65,115.3333,62.65,68,18,9.04
27,Saskylakh,RU,2022-04-27 01:42:30,71.9167,114.0833,16.47,81,97,2.98
28,Torbay,CA,2022-04-27 01:42:31,47.6666,-52.7314,35.76,94,100,7.0
29,Hobart,AU,2022-04-27 01:42:31,-42.8794,147.3294,60.26,80,75,4.61
30,Vaini,TO,2022-04-27 01:39:02,-21.2,-175.2,78.96,61,20,14.97
31,Bluff,NZ,2022-04-27 01:42:32,-46.6,168.3333,55.8,67,21,7.47
32,Butaritari,KI,2022-04-27 01:42:33,3.0707,172.7902,81.37,82,100,17.72
33,Kushima,JP,2022-04-27 01:42:33,31.4583,131.2333,72.23,97,100,5.59
34,Mahebourg,MU,2022-04-27 01:42:34,-20.4081,57.7,73.69,88,20,9.22
35,Cherskiy,RU,2022-04-27 01:41:41,68.75,161.3,32.99,98,74,3.96
36,Vila Velha,BR,2022-04-27 01:42:34,-20.3297,-40.2925,73.94,94,20,3.44
37,Arraial Do Cabo,BR,2022-04-27 01:42:35,-22.9661,-42.0278,75.87,91,1,15.88
38,Half Moon Bay,US,2022-04-27 01:42:35,37.4636,-122.4286,63.41,68,0,23.02
39,Kavieng,PG,2022-04-27 01:42:35,-2.5744,150.7967,85.73,68,16,16.44
40,Atuona,PF,2022-04-27 01:42:36,-9.8,-139.0333,78.75,76,24,22.3
41,Albany,US,2022-04-27 01:40:18,42.6001,-73.9662,51.39,88,100,11.99
42,Port Alfred,ZA,2022-04-27 01:40:11,-33.5906,26.891,56.17,90,42,6.55
43,Powell River,CA,2022-04-27 01:38:55,49.8496,-124.5361,49.64,71,75,14.97
44,Puerto Del Rosario,ES,2022-04-27 01:42:37,28.5004,-13.8627,64.15,72,0,12.66
45,Saint-Philippe,RE,2022-04-27 01:42:37,-21.3585,55.7679,72.99,83,44,6.06
46,Georgetown,MY,2022-04-27 01:41:57,5.4112,100.3354,84.13,87,20,6.91
47,Tamale,GH,2022-04-27 01:43:38,9.4008,-0.8393,88.05,46,100,11.5
48,Wattegama,LK,2022-04-27 01:43:38,6.7989,81.4808,80.11,82,28,1.1
49,Kenai,US,2022-04-27 01:43:39,60.5544,-151.2583,56.03,41,0,8.05
50,Novodugino,RU,2022-04-27 01:43:39,55.6305,34.2842,36.5,91,66,5.75
51,Sept-Iles,CA,2022-04-27 01:43:40,50.2001,-66.3821,36.05,96,100,4.61
52,Sangmelima,CM,2022-04-27 01:43:40,2.9333,11.9833,67.32,99,100,1.86
53,Indramayu,ID,2022-04-27 01:43:41,-6.3264,108.32,81.19,79,100,2.26
54,Ribeira Grande,PT,2022-04-27 01:40:20,38.5167,-28.7,63.23,94,94,24.29
55,Kaitangata,NZ,2022-04-27 01:43:41,-46.2817,169.8464,54.93,77,80,5.68
56,Lengshuijiang,CN,2022-04-27 01:43:42,27.6881,111.4294,75.61,77,93,1.74
57,Teguise,ES,2022-04-27 01:43:42,29.0605,-13.564,59.22,77,20,14.97
58,Lipin Bor,RU,2022-04-27 01:43:43,60.2622,37.9763,27.16,93,72,10.31
59,Saldanha,ZA,2022-04-27 01:43:43,-33.0117,17.9442,55.92,79,0,10.02
60,Westport,US,2022-04-27 01:43:43,41.1415,-73.3579,56.16,95,100,3.44
61,Sinnamary,GF,2022-04-27 01:43:44,5.3833,-52.95,78.31,88,100,6.26
62,Buchanan,LR,2022-04-27 01:43:44,5.8808,-10.0467,79.09,83,100,6.71
63,Chokurdakh,RU,2022-04-27 01:41:33,70.6333,147.9167,14.79,91,100,10.33
64,Mar Del Plata,AR,2022-04-27 01:43:45,-38.0023,-57.5575,64.42,100,100,13.0
65,Baruun-Urt,MN,2022-04-27 01:43:46,46.6806,113.2792,43.18,15,8,12.01
66,Sobolevo,RU,2022-04-27 01:43:46,54.4299,31.8996,39.65,83,100,6.38
67,Dunedin,NZ,2022-04-27 01:39:21,-45.8742,170.5036,54.81,82,80,5.01
68,Nenjiang,CN,2022-04-27 01:43:47,49.1833,125.2167,45.39,37,2,13.13
69,Te Anau,NZ,2022-04-27 01:43:47,-45.4167,167.7167,56.61,65,55,1.23
70,Aasiaat,GL,2022-04-27 01:43:47,68.7098,-52.8699,30.4,92,100,3.83
71,Longyearbyen,SJ,2022-04-27 01:41:42,78.2186,15.6401,1.24,66,40,10.36
72,Isangel,VU,2022-04-27 01:43:49,-19.55,169.2667,79.41,57,100,16.11
73,Nshamba,TZ,2022-04-27 01:43:49,-1.7983,31.5511,60.22,92,100,1.86
74,Leningradskiy,RU,2022-04-27 01:43:50,69.3833,178.4167,21.15,86,77,13.09
75,Lompoc,US,2022-04-27 01:43:50,34.6391,-120.4579,59.85,75,0,21.99
76,Nadvoitsy,RU,2022-04-27 01:43:51,63.8667,34.3167,20.35,87,5,5.01
77,Dzilam Gonzalez,MX,2022-04-27 01:43:51,21.2833,-88.9333,77.56,74,60,8.23
78,Darab,IR,2022-04-27 01:43:51,28.7519,54.5444,66.58,46,36,1.92
79,Bredasdorp,ZA,2022-04-27 01:43:52,-34.5322,20.0403,52.79,84,0,3.4
80,Kabanjahe,ID,2022-04-27 01:42:37,3.1001,98.4908,73.53,74,100,1.45
81,Petropavlovsk-Kamchatskiy,RU,2022-04-27 01:43:53,53.0452,158.6483,46.99,34,0,6.71
82,Bethanien,NA,2022-04-27 01:43:53,-26.502,17.1583,59.59,35,0,4.92
83,Port-Gentil,GA,2022-04-27 01:43:54,-0.7193,8.7815,80.1,85,100,13.27
84,Nikolskoye,RU,2022-04-27 01:43:55,59.7035,30.7861,34.88,94,67,4.52
85,Iqaluit,CA,2022-04-27 01:43:55,63.7506,-68.5145,1.13,60,20,5.75
86,Vostok,RU,2022-04-27 01:43:56,46.4856,135.8833,30.43,98,100,16.42
87,Panipat,IN,2022-04-27 01:44:56,29.3889,76.9681,87.93,12,0,3.6
88,Zalantun,CN,2022-04-27 01:44:57,48.0,122.7167,48.29,28,8,10.76
89,Cape Town,ZA,2022-04-27 01:43:46,-33.9258,18.4232,59.92,73,0,13.8
90,Komsomolskiy,UZ,2022-04-27 01:44:58,40.4272,71.7189,63.32,77,75,4.61
91,Bomet,KE,2022-04-27 01:44:58,-0.7813,35.3416,54.54,97,100,3.29
92,Rantoul,US,2022-04-27 01:44:58,40.3084,-88.1559,48.72,58,0,6.91
93,Pevek,RU,2022-04-27 01:44:59,69.7008,170.3133,34.92,67,100,22.93
94,Jamestown,US,2022-04-27 01:42:55,42.097,-79.2353,42.39,61,100,10.36
95,Kodiak,US,2022-04-27 01:45:00,57.79,-152.4072,53.11,47,75,12.66
96,Boden,SE,2022-04-27 01:45:00,65.8252,21.6886,24.8,90,5,2.26
97,Chuy,UY,2022-04-27 01:45:00,-33.6971,-53.4616,68.9,91,100,15.3
98,Vila Franca Do Campo,PT,2022-04-27 01:45:01,37.7167,-25.4333,65.19,92,23,10.87
99,Cidreira,BR,2022-04-27 01:45:01,-30.1811,-50.2056,71.38,91,38,15.08
100,Meiganga,CM,2022-04-27 01:45:02,6.5167,14.3,65.75,95,94,2.57
101,Balakhta,RU,2022-04-27 01:45:02,55.38,91.6,45.59,52,85,6.78
102,Puerto Ayora,EC,2022-04-27 01:45:02,-0.7393,-90.3518,72.5,86,16,4.92
103,Fergus Falls,US,2022-04-27 01:44:16,46.283,-96.0776,35.17,60,0,3.44
104,Caravelas,BR,2022-04-27 01:44:22,-17.7125,-39.2481,74.71,83,0,5.19
105,Wanaka,NZ,2022-04-27 01:45:03,-44.7,169.15,59.11,64,14,1.01
106,Omaruru,NA,2022-04-27 01:45:04,-21.4333,15.9333,68.0,36,47,4.25
107,Bilma,NE,2022-04-27 01:45:04,18.6853,12.9164,84.27,10,0,10.33
108,Ceres,US,2022-04-27 01:45:05,37.5949,-120.9577,72.01,37,0,11.5
109,Faanui,PF,2022-04-27 01:45:05,-16.4833,-151.75,81.64,75,62,20.2
110,Kruisfontein,ZA,2022-04-27 01:45:06,-34.0033,24.7314,49.89,79,5,4.61
111,Cozumel,MX,2022-04-27 01:45:06,20.5083,-86.9458,77.95,88,6,5.01
112,Namwala,ZM,2022-04-27 01:45:07,-15.7504,26.4384,62.06,94,47,4.68
113,Carnarvon,AU,2022-04-27 01:44:05,-24.8667,113.6333,73.47,56,40,17.27
114,Provideniya,RU,2022-04-27 01:45:07,64.3833,-173.3,28.51,80,75,11.18
115,Iguape,BR,2022-04-27 01:45:08,-24.7081,-47.5553,70.2,92,67,2.26
116,Vanavara,RU,2022-04-27 01:45:08,60.34,102.2797,35.65,66,15,9.75
117,Monte Gordo,PT,2022-04-27 01:45:09,37.1819,-7.4523,58.24,71,16,8.3
118,Tiksi,RU,2022-04-27 01:45:09,71.6872,128.8694,8.26,88,43,2.26
119,Hithadhoo,MV,2022-04-27 01:45:10,-0.6,73.0833,84.43,72,100,5.99
120,Airai,TL,2022-04-27 01:45:10,-8.9266,125.4092,73.24,56,98,2.06
121,Hasaki,JP,2022-04-27 01:45:11,35.7333,140.8333,75.29,85,100,19.93
122,Victoria,HK,2022-04-27 01:41:37,22.2855,114.1577,87.96,73,0,5.99
123,Tuktoyaktuk,CA,2022-04-27 01:45:11,69.4541,-133.0374,15.8,92,75,6.91
124,Price,US,2022-04-27 01:45:12,39.5994,-110.8107,67.26,10,0,8.05
125,Toora-Khem,RU,2022-04-27 01:45:12,52.4675,96.11,41.36,51,71,3.58
126,Ribeira Brava,PT,2022-04-27 01:45:13,32.65,-17.0667,60.71,66,0,1.7
127,Vestmannaeyjar,IS,2022-04-27 01:45:14,63.4427,-20.2734,45.86,79,99,3.8
128,Kapaa,US,2022-04-27 01:45:15,22.0752,-159.319,80.58,80,40,13.8
129,Ndungu,TZ,2022-04-27 01:45:16,-4.3667,38.05,69.64,93,100,3.02
130,Japura,ID,2022-04-27 01:45:16,-0.3167,102.35,83.8,81,93,0.63
131,Narsaq,GL,2022-04-27 01:45:17,60.9167,-46.05,39.42,91,100,3.36
132,Acapulco,MX,2022-04-27 01:42:29,16.8634,-99.8901,80.42,78,20,9.22
133,Upernavik,GL,2022-04-27 01:45:18,72.7868,-56.1549,25.7,76,100,4.47
134,Tres Lagoas,BR,2022-04-27 01:46:18,-20.7511,-51.6783,75.29,52,20,5.64
135,Amritsar,IN,2022-04-27 01:46:19,31.6331,74.8656,78.62,46,0,0.0
136,Poum,NC,2022-04-27 01:46:19,-20.2333,164.0167,78.94,65,85,21.63
137,Bengkulu,ID,2022-04-27 01:46:20,-3.8004,102.2655,82.72,74,37,3.89
138,Saint George,US,2022-04-27 01:44:03,37.1041,-113.5841,81.19,6,0,5.75
139,Boyuibe,BO,2022-04-27 01:46:21,-20.4167,-63.2833,72.81,78,100,13.2
140,Ramnagar,IN,2022-04-27 01:46:21,29.4,79.1167,84.18,17,0,3.69
141,Walvis Bay,NA,2022-04-27 01:46:21,-22.9575,14.5053,60.1,77,3,0.0
142,San Patricio,US,2022-04-27 01:46:22,28.017,-97.5169,74.53,82,16,7.36
143,Lac Du Bonnet,CA,2022-04-27 01:45:21,50.2536,-96.0612,24.06,95,9,3.15
144,Uusikaupunki,FI,2022-04-27 01:46:22,60.8004,21.4084,33.75,68,53,7.11
145,Castro,BR,2022-04-27 01:46:23,-24.7911,-50.0119,62.04,91,55,3.8
146,Port Elizabeth,ZA,2022-04-27 01:46:23,-33.918,25.5701,52.11,88,37,6.24
147,Kidal,ML,2022-04-27 01:46:24,18.4411,1.4078,77.36,24,0,10.38
148,Petauke,ZM,2022-04-27 01:46:24,-14.2426,31.3253,63.19,90,91,10.78
149,Thompson,CA,2022-04-27 01:45:22,55.7435,-97.8558,39.36,24,0,6.91
150,Yar-Sale,RU,2022-04-27 01:46:25,66.8333,70.8333,34.99,100,100,19.1
151,Astaneh-Ye Ashrafiyeh,IR,2022-04-27 01:46:25,37.2596,49.9444,57.13,84,12,1.77
152,Xuzhou,CN,2022-04-27 01:46:26,34.1805,117.1571,70.32,28,15,18.16
153,Daru,PG,2022-04-27 01:46:26,-9.0763,143.2092,85.8,67,99,4.92
154,Iskateley,RU,2022-04-27 01:46:26,67.6803,53.1512,24.21,77,100,20.13
155,Shelburne,CA,2022-04-27 01:46:27,44.0787,-80.2041,32.45,90,100,9.42
156,Bima,ID,2022-04-27 01:46:27,-8.4667,118.7167,85.17,60,100,3.67
157,Russell,US,2022-04-27 01:46:28,32.3502,-85.1999,65.48,88,20,6.91
158,Guasdualito,VE,2022-04-27 01:46:28,7.2424,-70.7324,78.76,89,40,4.61
159,Maraa,BR,2022-04-27 01:46:29,-1.8333,-65.3667,73.83,98,100,2.91
160,Bolshoy Kamen,RU,2022-04-27 01:46:29,43.1225,132.3583,55.29,31,0,15.41
161,Filingue,NE,2022-04-27 01:46:30,14.3521,3.3168,82.89,16,23,6.46
162,Coihaique,CL,2022-04-27 01:44:02,-45.5752,-72.0662,34.41,86,20,5.75
163,Yellowknife,CA,2022-04-27 01:46:30,62.456,-114.3525,46.92,46,40,2.3
164,Ituiutaba,BR,2022-04-27 01:46:31,-18.9689,-49.465,73.78,55,20,6.2
165,Coahuayana,MX,2022-04-27 01:46:31,18.7333,-103.6833,73.18,77,3,1.72
166,Avarua,CK,2022-04-27 01:46:31,-21.2078,-159.775,84.25,74,20,9.22
167,Grindavik,IS,2022-04-27 01:46:32,63.8424,-22.4338,42.75,93,75,3.44
168,Limpapa,PH,2022-04-27 01:46:32,7.1197,121.9106,79.93,69,45,1.43
169,Kampene,CD,2022-04-27 01:46:33,-3.6,26.6667,67.93,100,100,2.84
170,Aksu,CN,2022-04-27 01:46:33,41.1231,80.2644,62.98,19,100,14.56
171,San Cristobal,VE,2022-04-27 01:46:34,7.7669,-72.225,73.58,95,100,1.34
172,Guozhen,CN,2022-04-27 01:46:34,34.3659,107.359,67.68,71,94,7.14
173,Kudahuvadhoo,MV,2022-04-27 01:46:34,2.6708,72.8944,83.46,72,28,1.97
174,Pringsewu,ID,2022-04-27 01:46:35,-5.3582,104.9744,83.91,72,72,3.44
175,Kalmunai,LK,2022-04-27 01:46:35,7.4167,81.8167,81.84,78,91,3.22
176,Sur,OM,2022-04-27 01:46:36,22.5667,59.5289,85.87,43,90,10.38
177,Nove Hrady,CZ,2022-04-27 01:46:36,48.7896,14.7784,43.54,90,100,4.61
178,Esmeraldas,BR,2022-04-27 01:46:37,-19.7625,-44.3139,72.46,84,8,5.79
179,Taoyuan,CN,2022-04-27 01:45:25,32.2972,120.6167,69.01,51,89,17.11
180,Karpogory,RU,2022-04-27 01:46:37,64.0019,44.4451,24.31,94,100,10.6
181,Axim,GH,2022-04-27 01:47:38,4.8699,-2.2405,79.27,88,100,8.25
182,Norman Wells,CA,2022-04-27 01:44:20,65.282,-126.8329,41.04,60,20,17.27
183,Naze,JP,2022-04-27 01:47:38,28.3667,129.4833,68.92,78,100,15.05
184,Ponta Do Sol,PT,2022-04-27 01:47:39,32.6667,-17.1,60.71,64,0,2.59
185,Cadillac,US,2022-04-27 01:47:39,44.2519,-85.4012,30.11,86,100,8.05
186,Gonen,TR,2022-04-27 01:47:40,40.1049,27.654,57.16,41,0,2.89
187,Manaure,CO,2022-04-27 01:47:40,11.7751,-72.4445,80.83,77,100,17.98
188,Rancho Palos Verdes,US,2022-04-27 01:47:03,33.7445,-118.387,74.98,78,4,5.01
189,Pochutla,MX,2022-04-27 01:47:41,15.7432,-96.4661,82.81,68,94,3.76
190,Lorengau,PG,2022-04-27 01:47:41,-2.0226,147.2712,83.39,80,91,9.91
191,Souillac,MU,2022-04-27 01:47:42,-20.5167,57.5167,73.78,88,20,9.22
192,Port Keats,AU,2022-04-27 01:47:42,-14.25,129.55,90.68,51,51,4.38
193,Sitka,US,2022-04-27 01:47:42,57.0531,-135.33,48.09,66,75,9.22
194,Opuwo,NA,2022-04-27 01:47:43,-18.0607,13.84,64.18,45,1,2.48
195,Taoudenni,ML,2022-04-27 01:47:43,22.6783,-3.9836,74.66,26,0,10.6
196,Codrington,AU,2022-04-27 01:47:44,-38.2667,141.9667,71.02,51,88,11.39
197,Severo-Kurilsk,RU,2022-04-27 01:47:44,50.6789,156.125,33.94,77,100,9.84
198,Berlevag,NO,2022-04-27 01:47:45,70.8578,29.0864,17.4,70,100,31.74
199,Ilulissat,GL,2022-04-27 01:47:45,69.2167,-51.1,37.42,75,100,12.66
200,Brownsville,US,2022-04-27 01:47:45,25.9018,-97.4975,73.9,87,20,6.91
201,Edendale,ZA,2022-04-27 01:47:46,-29.6528,30.3147,46.81,93,0,4.25
202,Nichinan,JP,2022-04-27 01:47:46,31.6,131.3667,73.08,96,100,6.22
203,Namatanai,PG,2022-04-27 01:47:47,-3.6667,152.4333,85.98,67,13,9.66
204,Aden,YE,2022-04-27 01:43:27,12.7794,45.0367,82.58,83,9,20.18
205,Aklavik,CA,2022-04-27 01:44:08,68.2191,-135.0107,31.15,88,100,8.01
206,Lumberton,US,2022-04-27 01:47:47,34.6182,-79.0086,66.9,91,100,3.13
207,Luwuk,ID,2022-04-27 01:47:48,-0.9516,122.7875,78.98,93,100,7.0
208,Vardo,NO,2022-04-27 01:47:48,70.3705,31.1107,21.56,68,99,29.97
209,Masallatah,LY,2022-04-27 01:47:49,32.6167,14.0,59.36,83,28,9.53
210,Beringovskiy,RU,2022-04-27 01:47:49,63.05,179.3167,32.49,99,100,7.72
211,Araouane,ML,2022-04-27 01:47:49,18.9048,-3.5265,73.54,25,0,10.29
212,Jumla,NP,2022-04-27 01:47:50,29.2747,82.1838,59.45,38,0,2.19
213,Itarema,BR,2022-04-27 01:47:50,-2.9248,-39.9167,76.3,87,99,9.62
214,Uyemskiy,RU,2022-04-27 01:47:51,64.4743,40.8524,24.85,85,100,4.47
215,Marion,US,2022-04-27 01:45:09,39.7684,-86.1555,49.41,57,0,8.05
216,Floriana,MT,2022-04-27 01:47:51,35.8958,14.5083,60.82,88,0,4.61
217,Tuatapere,NZ,2022-04-27 01:44:18,-46.1333,167.6833,55.62,79,72,6.33
218,Tikhvin,RU,2022-04-27 01:47:52,59.6451,33.5294,32.22,93,76,6.69
219,Sungairaya,ID,2022-04-27 01:47:52,0.7,108.9,82.9,73,99,1.9
220,Vigeland,NO,2022-04-27 01:47:53,58.0844,7.305,45.95,71,40,4.5
221,Port Macquarie,AU,2022-04-27 01:43:37,-31.4333,152.9167,73.89,65,54,6.38
222,Necochea,AR,2022-04-27 01:47:53,-38.5473,-58.7368,62.76,99,100,7.47
223,Torgau,DE,2022-04-27 01:47:54,51.5667,13.0,47.28,81,18,1.19
224,Zhangye,CN,2022-04-27 01:47:54,38.9342,100.4517,43.02,71,100,13.53
225,Ixtapa,MX,2022-04-27 01:47:55,20.7,-105.2,71.53,77,1,1.39
226,Saint Anthony,US,2022-04-27 01:47:55,45.0205,-93.218,39.09,52,0,8.05
227,Campos Belos,BR,2022-04-27 01:47:56,-13.0367,-46.7717,69.66,59,0,3.98
228,Cap Malheureux,MU,2022-04-27 01:48:56,-19.9842,57.6142,73.47,78,13,5.01
229,Forrest City,US,2022-04-27 01:48:56,35.0081,-90.7898,50.85,67,0,6.89
230,Ugoofaaru,MV,2022-04-27 01:48:57,5.6667,73.0,84.7,69,92,1.41
231,Berbera,SO,2022-04-27 01:48:57,10.4396,45.0143,83.62,80,58,6.24
232,Tahe,CN,2022-04-27 01:48:58,52.3333,124.7333,41.92,26,3,11.23
233,Morondava,MG,2022-04-27 01:48:58,-20.2833,44.2833,76.44,85,86,8.16
234,Darhan,MN,2022-04-27 01:48:59,49.4867,105.9228,42.39,21,14,1.7
235,Nanganga,TZ,2022-04-27 01:48:59,-10.3833,39.15,70.34,98,23,2.37
236,Salta,AR,2022-04-27 01:46:56,-24.7859,-65.4117,65.57,85,40,6.91
237,Junagarh,IN,2022-04-27 01:49:00,19.8667,82.9333,93.79,23,16,4.23
238,Mount Gambier,AU,2022-04-27 01:49:00,-37.8333,140.7667,69.71,56,40,17.27
239,Pokhara,NP,2022-04-27 01:49:01,28.2333,83.9833,83.61,21,0,2.37
240,Mizdah,LY,2022-04-27 01:49:01,31.4451,12.9801,58.75,62,85,15.1
241,West Lorne,CA,2022-04-27 01:49:02,42.6001,-81.5998,39.69,89,91,18.81
242,Coburg,DE,2022-04-27 01:49:02,50.2667,10.9667,45.77,97,98,2.19
243,Dandong,CN,2022-04-27 01:49:02,40.1292,124.3947,58.32,23,7,13.0
244,Lebu,CL,2022-04-27 01:49:03,-37.6167,-73.65,49.59,84,62,11.86
245,Gainesville,US,2022-04-27 01:47:22,29.6516,-82.3248,77.09,64,40,6.91
246,Kuala Kedah,MY,2022-04-27 01:49:04,6.1,100.3,80.58,89,20,3.44
247,Aripuana,BR,2022-04-27 01:49:04,-9.1667,-60.6333,79.29,71,100,0.81
248,Razole,IN,2022-04-27 01:49:05,16.4833,81.8333,86.63,68,0,4.83
249,Northam,GB,2022-04-27 01:49:05,51.0333,-4.2167,44.62,76,40,7.83
250,Bonfim,BR,2022-04-27 01:49:06,3.0833,-59.95,77.59,86,100,6.02
251,Cabra,ES,2022-04-27 01:49:06,37.4725,-4.4421,52.7,82,12,2.86
252,Kloulklubed,PW,2022-04-27 01:49:06,7.0419,134.2556,75.7,78,100,3.44
253,Houma,US,2022-04-27 01:46:13,29.5958,-90.7195,72.0,75,0,5.75
254,Emerald,AU,2022-04-27 01:49:07,-23.5333,148.1667,77.14,69,75,13.8
255,Mount Isa,AU,2022-04-27 01:49:08,-20.7333,139.5,80.37,57,19,3.44
256,Colares,PT,2022-04-27 01:49:08,38.7992,-9.4469,59.32,78,0,14.0
257,Kailua,US,2022-04-27 01:49:09,21.4022,-157.7394,84.18,70,41,7.0
258,Puerto Narino,CO,2022-04-27 01:49:09,-3.7703,-70.3831,74.1,98,100,2.33
259,Hlotse,LS,2022-04-27 01:44:20,-28.8718,28.045,38.89,46,0,1.52
260,Gizo,SB,2022-04-27 01:49:10,-8.103,156.8419,85.14,69,52,6.89
261,Sao Felix Do Xingu,BR,2022-04-27 01:49:10,-6.6447,-51.995,71.38,90,50,1.63
262,Ayan,RU,2022-04-27 01:46:46,56.45,138.1667,32.9,74,100,6.96
263,Pisco,PE,2022-04-27 01:49:11,-13.7,-76.2167,67.01,88,0,14.97
264,Chkalovsk,RU,2022-04-27 01:49:11,56.7647,43.2433,41.16,96,44,8.63
265,Alice Springs,AU,2022-04-27 01:47:30,-23.7,133.8833,81.95,28,74,8.05
266,Parksville,CA,2022-04-27 01:49:12,49.3163,-124.3195,51.94,48,26,11.5
267,Balkanabat,TM,2022-04-27 01:49:12,39.5108,54.3671,70.65,48,100,16.46
268,Potosi,BO,2022-04-27 01:49:13,-19.5836,-65.7531,47.75,21,8,4.34
269,Najran,SA,2022-04-27 01:49:13,17.4924,44.1277,70.45,50,2,1.9
270,Grants Pass,US,2022-04-27 01:46:05,42.439,-123.3284,63.91,36,0,11.5
271,Pangkalanbuun,ID,2022-04-27 01:49:14,-2.6833,111.6167,86.94,62,87,3.13
272,Kitakata,JP,2022-04-27 01:50:14,37.65,139.8667,55.98,94,100,5.93
273,Mkushi,ZM,2022-04-27 01:50:15,-13.6202,29.3939,58.86,96,58,5.82
274,Nchelenge,ZM,2022-04-27 01:50:15,-9.3451,28.734,68.56,88,100,7.34
275,Nha Trang,VN,2022-04-27 01:50:16,12.25,109.1833,87.8,62,74,2.68
276,Sioux Lookout,CA,2022-04-27 01:50:16,50.1001,-91.917,30.27,43,100,5.75
277,Oranjemund,NA,2022-04-27 01:50:17,-28.55,16.4333,59.7,50,0,6.93
278,Udachnyy,RU,2022-04-27 01:50:17,66.4167,112.4,23.02,82,87,3.69
279,Tabuk,PH,2022-04-27 01:50:18,17.4189,121.4443,87.1,61,0,6.8
280,Hambantota,LK,2022-04-27 01:50:18,6.1241,81.1185,79.14,100,20,3.44
281,Gat,IL,2022-04-27 01:50:18,31.61,34.7642,71.4,78,63,3.58
282,Fortuna,US,2022-04-27 01:50:19,40.5982,-124.1573,54.86,73,20,13.8
283,Samarai,PG,2022-04-27 01:50:19,-10.6167,150.6667,83.98,72,97,1.83
284,Baculin,PH,2022-04-27 01:50:20,7.4525,126.5842,83.75,76,95,4.16
285,Cockburn Town,TC,2022-04-27 01:50:20,21.4612,-71.1419,76.69,69,0,17.92
286,Zyryanovsk,KZ,2022-04-27 01:50:21,49.7386,84.2719,43.3,66,24,2.77
287,Dumbraveni,RO,2022-04-27 01:50:21,46.2333,24.5667,45.48,92,27,1.1
288,Lebedinyy,RU,2022-04-27 01:50:22,58.5167,125.5167,27.28,72,98,4.25
289,Ihtiman,BG,2022-04-27 01:50:22,42.4333,23.8167,48.16,97,27,1.74
290,Amboasary,MG,2022-04-27 01:50:22,-25.0333,46.3833,74.1,89,100,4.23
291,Nyurba,RU,2022-04-27 01:50:23,63.2842,118.3319,31.39,76,62,3.74
292,Voi,KE,2022-04-27 01:50:23,-3.3945,38.563,71.2,85,100,7.63
293,Klaksvik,FO,2022-04-27 01:50:24,62.2266,-6.589,32.92,66,79,6.71
294,Talnakh,RU,2022-04-27 01:50:24,69.4865,88.3972,16.21,93,99,9.6
295,Bemidji,US,2022-04-27 01:50:25,47.4736,-94.8803,30.29,58,0,3.44
296,Touros,BR,2022-04-27 01:50:25,-5.1989,-35.4608,76.32,87,5,10.56
297,Comodoro Rivadavia,AR,2022-04-27 01:50:25,-45.8667,-67.5,44.46,57,0,9.22
298,Cordele,US,2022-04-27 01:46:55,31.9635,-83.7824,70.32,73,100,8.05
299,Dhidhdhoo,MV,2022-04-27 01:50:26,6.8833,73.1,84.47,70,40,1.99
300,Lethem,GY,2022-04-27 01:50:26,3.3803,-59.7968,79.18,82,100,1.9
301,Kyaukse,MM,2022-04-27 01:50:27,21.6,96.1333,93.38,41,3,8.59
302,Pangnirtung,CA,2022-04-27 01:50:27,66.1451,-65.7125,-10.01,81,11,8.79
303,Aswan,EG,2022-04-27 01:50:28,24.0934,32.907,78.49,28,36,7.38
304,Bubaque,GW,2022-04-27 01:49:28,11.2833,-15.8333,78.37,74,7,7.47
305,Sigli,ID,2022-04-27 01:50:29,5.3848,95.9609,82.98,80,100,4.45
306,Liverpool,GB,2022-04-27 01:50:29,53.4106,-2.9779,44.82,76,100,9.22
307,Dessel,BE,2022-04-27 01:50:30,51.2385,5.1145,45.79,90,6,4.99
308,Kansanshi,ZM,2022-04-27 01:50:30,-12.0951,26.4273,55.87,95,52,4.23
309,Bermejo,AR,2022-04-27 01:50:30,-32.8833,-68.8,73.31,15,0,10.36
310,Cabo San Lucas,MX,2022-04-27 01:49:52,22.8909,-109.9124,79.18,71,0,11.72
311,Akyab,MM,2022-04-27 01:50:31,20.15,92.9,84.18,74,22,7.92
312,Coquimbo,CL,2022-04-27 01:46:46,-29.9533,-71.3436,60.53,82,0,5.75
313,Rawah,IQ,2022-04-27 01:50:32,34.4816,41.9093,68.88,60,74,4.14
314,Ndende,GA,2022-04-27 01:50:32,-2.4008,11.3581,72.66,99,100,3.04
315,Jieshi,CN,2022-04-27 01:50:33,22.8134,115.8257,84.94,73,6,8.25
316,Sinazongwe,ZM,2022-04-27 01:50:33,-17.2614,27.4618,73.08,72,8,5.12
317,Colinas,BR,2022-04-27 01:46:37,-6.0258,-44.2492,71.94,88,33,1.45
318,Madaoua,NE,2022-04-27 01:51:34,14.073,5.96,82.22,15,98,5.75
319,Salinas,US,2022-04-27 01:51:34,36.6777,-121.6555,65.21,62,0,13.8
320,Vila,PT,2022-04-27 01:49:22,42.0304,-8.1588,43.68,93,4,3.56
321,Halifax,CA,2022-04-27 01:51:33,44.6453,-63.5724,44.69,83,100,8.05
322,Kalispell,US,2022-04-27 01:51:35,48.1958,-114.3129,45.66,67,100,15.99
323,Borogontsy,RU,2022-04-27 01:51:35,62.6683,131.1683,29.64,71,72,3.24
324,Bada,RU,2022-04-27 01:51:36,51.392,109.8717,42.42,23,97,2.51
325,Celestun,MX,2022-04-27 01:51:36,20.8667,-90.4,79.27,76,63,18.21
326,Smithers,CA,2022-04-27 01:51:37,54.7804,-127.1743,48.52,40,40,5.75
327,Faya,SA,2022-04-27 01:48:19,18.3851,42.4509,55.51,50,0,4.29
328,Madimba,TZ,2022-04-27 01:51:38,-10.4,40.3333,74.77,92,19,7.25
329,Liberal,US,2022-04-27 01:51:38,37.0431,-100.921,69.94,17,0,21.85
330,Okhotsk,RU,2022-04-27 01:51:38,59.3833,143.3,31.08,75,96,6.35
331,Makakilo City,US,2022-04-27 01:46:58,21.3469,-158.0858,82.72,54,0,17.27
332,Christchurch,NZ,2022-04-27 01:50:51,-43.5333,172.6333,62.91,66,20,5.99
333,Conde,BR,2022-04-27 01:51:39,-7.2597,-34.9075,76.46,83,40,4.61
334,Kimbe,PG,2022-04-27 01:51:40,-5.5502,150.1429,89.29,62,19,4.07
335,Salalah,OM,2022-04-27 01:51:40,17.0151,54.0924,77.49,82,5,1.81
336,Mokolo,CM,2022-04-27 01:51:41,10.7398,13.8019,83.3,40,100,2.8
337,Forestville,US,2022-04-27 01:51:41,38.8451,-76.875,59.95,91,100,8.05
338,Baker City,US,2022-04-27 01:51:42,44.7749,-117.8344,46.58,62,20,12.66
339,Yumen,CN,2022-04-27 01:51:42,40.2833,97.2,55.33,34,59,14.72
340,Chishtian Mandi,PK,2022-04-27 01:51:43,29.8,72.8667,87.42,13,0,7.29
341,Kedrovyy,RU,2022-04-27 01:51:43,56.1667,91.8167,43.21,74,100,5.28
342,Ossora,RU,2022-04-27 01:51:44,59.2353,163.0719,33.49,89,56,7.34
343,Payo,ID,2022-04-27 01:51:44,-3.7508,103.6372,83.7,69,77,1.32
344,Melito Di Porto Salvo,IT,2022-04-27 01:51:45,37.9222,15.7714,61.36,72,0,11.5
345,Mao,ES,2022-04-27 01:51:45,39.8885,4.2658,55.96,94,0,8.05
346,Kostomuksha,RU,2022-04-27 01:51:46,64.571,30.5767,19.22,88,90,5.17
347,Choya,RU,2022-04-27 01:51:46,52.0108,86.5467,48.79,61,100,3.67
348,Marawi,PH,2022-04-27 01:51:46,7.9986,124.2928,81.16,69,86,2.13
349,Beloha,MG,2022-04-27 01:51:47,-25.1667,45.05,72.0,90,100,12.53
350,Gavle,SE,2022-04-27 01:51:47,60.6745,17.1417,30.92,57,90,1.01
351,Meadow Lake,US,2022-04-27 01:51:48,34.8014,-106.5436,71.67,22,100,15.77
352,Lavrentiya,RU,2022-04-27 01:51:48,65.5833,-171.0,27.0,83,62,2.3
353,Sao Filipe,CV,2022-04-27 01:51:49,14.8961,-24.4956,73.44,68,4,12.8
354,Port Augusta,AU,2022-04-27 01:51:49,-32.5,137.7667,69.71,64,11,3.65
355,Saint-Augustin,CA,2022-04-27 01:51:50,51.226,-58.6502,34.48,98,100,8.23
356,Berdigestyakh,RU,2022-04-27 01:51:51,62.0989,126.6992,28.31,67,59,7.38
357,Golfito,CR,2022-04-27 01:51:51,8.639,-83.166,76.03,93,100,2.46
358,Ekhabi,RU,2022-04-27 01:51:52,53.5102,142.9671,29.59,96,100,23.33
359,Bilibino,RU,2022-04-27 01:51:52,68.0546,166.4372,31.62,80,100,3.85
360,Saint-Georges,GD,2022-04-27 01:51:53,12.0564,-61.7485,76.68,94,20,0.0
361,Bundaberg,AU,2022-04-27 01:51:53,-24.85,152.35,80.89,65,40,16.11
362,Sola,VU,2022-04-27 01:52:54,-13.8833,167.55,80.53,78,100,15.97
363,Keti Bandar,PK,2022-04-27 01:52:54,24.1447,67.4497,81.37,82,0,13.53
364,Krasnoselkup,RU,2022-04-27 01:52:55,65.7,82.4667,25.43,87,100,14.32
365,Kismayo,SO,2022-04-27 01:52:55,-0.3582,42.5454,81.32,80,100,7.76
366,Esperance,AU,2022-04-27 01:52:55,-33.8667,121.9,60.64,55,74,7.92
367,Camana,PE,2022-04-27 01:52:56,-16.6228,-72.7111,67.86,87,100,9.35
368,Hay River,CA,2022-04-27 01:52:56,60.8156,-115.7999,42.78,61,75,8.05
369,Vlasenica,BA,2022-04-27 01:52:57,44.1819,18.9406,39.83,89,64,2.48
370,Tamandare,BR,2022-04-27 01:52:57,-8.7597,-35.1047,77.76,74,0,8.03
371,San Vicente,AR,2022-04-27 01:52:58,-26.6167,-54.1333,74.93,71,0,7.63
372,Padang,ID,2022-04-27 01:52:58,-0.9492,100.3543,84.25,70,29,2.15
373,Olinda,BR,2022-04-27 01:52:58,-8.0089,-34.8553,82.13,69,100,6.91
374,Grand Forks,US,2022-04-27 01:52:59,47.9417,-97.4337,37.13,64,0,8.05
375,Lunino,RU,2022-04-27 01:52:59,53.5918,45.2271,52.41,90,100,4.9
376,Kysyl-Syr,RU,2022-04-27 01:53:00,63.8986,122.7617,28.29,67,19,5.7
377,Medicine Hat,CA,2022-04-27 01:51:33,50.0501,-110.6683,59.43,49,100,14.97
378,Nanortalik,GL,2022-04-27 01:53:00,60.1432,-45.2371,36.9,81,100,8.9
379,Sambava,MG,2022-04-27 01:53:01,-14.2667,50.1667,71.42,82,84,5.37
380,Dzaoudzi,YT,2022-04-27 01:53:01,-12.7887,45.2699,78.69,89,75,4.61
381,Rosetta,EG,2022-04-27 01:53:02,31.4044,30.4164,62.42,72,7,3.87
382,Oussouye,SN,2022-04-27 01:53:02,12.485,-16.5469,76.26,47,2,11.88
383,Kaputa,ZM,2022-04-27 01:53:02,-8.4689,29.6619,67.01,94,100,5.06
384,Imeni Poliny Osipenko,RU,2022-04-27 01:53:03,52.4201,136.4853,30.52,93,100,20.94
385,Kyrnasivka,UA,2022-04-27 01:53:04,48.5955,28.979,39.09,91,14,5.97
386,Lubumbashi,CD,2022-04-27 01:53:04,-11.6609,27.4794,57.78,95,36,3.91
387,Atherton,GB,2022-04-27 01:53:04,53.5237,-2.4935,44.42,82,7,1.99
388,Nago,JP,2022-04-27 01:53:05,26.5881,127.9761,84.63,78,90,11.01
389,Deep River,CA,2022-04-27 01:51:26,46.1001,-77.4995,44.35,91,100,5.64
390,Alta Floresta,BR,2022-04-27 01:53:05,-9.8756,-56.0861,73.22,94,0,0.0
391,Uruacu,BR,2022-04-27 01:53:06,-14.5247,-49.1408,70.3,58,3,3.24
392,Media Luna,CU,2022-04-27 01:53:07,20.1419,-77.435,75.42,76,3,16.31
393,Bac Lieu,VN,2022-04-27 01:53:07,9.285,105.7244,86.47,59,91,4.32
394,Yakeshi,CN,2022-04-27 01:53:07,49.2833,120.7333,42.06,29,79,13.82
395,Deputatskiy,RU,2022-04-27 01:53:08,69.3,139.9,13.69,85,100,3.15
396,Stornoway,GB,2022-04-27 01:53:08,58.2093,-6.3865,42.76,84,49,5.75
397,Mormugao,IN,2022-04-27 01:53:09,15.4,73.8,79.86,94,20,3.44
398,Casino,AU,2022-04-27 01:53:09,-28.8667,153.05,73.78,73,82,3.44
399,Tilichiki,RU,2022-04-27 01:53:10,60.4667,166.1,31.69,99,100,6.85
400,Raub,MY,2022-04-27 01:53:10,3.7899,101.857,84.45,73,70,1.41
401,Aykhal,RU,2022-04-27 01:53:10,66.0,111.5,23.36,86,93,5.06
402,Vestmanna,FO,2022-04-27 01:53:11,62.1564,-7.1664,31.12,86,75,2.3
403,Jian,CN,2022-04-27 01:53:11,27.1172,114.9793,79.29,78,66,0.94
404,Daoukro,CI,2022-04-27 01:53:12,7.0591,-3.9631,74.26,97,100,4.07
405,Ranong,TH,2022-04-27 01:53:12,9.9658,98.6348,82.33,73,100,1.28
406,Saint-Ambroise,CA,2022-04-27 01:53:13,48.5501,-71.3324,43.12,98,100,1.25
407,Tombouctou,ML,2022-04-27 01:53:13,20.0,-3.0,72.75,24,0,11.23
408,Valparaiso,CL,2022-04-27 01:53:13,-33.0393,-71.6273,58.48,89,100,2.3
409,Tiznit,MA,2022-04-27 01:54:14,29.5833,-9.5,54.41,89,22,2.15
410,Hamilton,US,2022-04-27 01:52:59,39.1834,-84.5333,48.99,64,4,3.0
411,Adrar,MR,2022-04-27 01:54:14,20.5022,-10.0711,68.45,37,0,10.63
412,Safaga,EG,2022-04-27 01:54:15,26.7292,33.9365,76.24,46,0,11.54
413,Guerrero Negro,MX,2022-04-27 01:54:15,27.9769,-114.0611,63.99,72,7,15.23
414,Dali,CN,2022-04-27 01:54:16,25.7,100.1833,69.01,38,0,6.22
415,Moron,AR,2022-04-27 01:52:29,-34.6534,-58.6198,75.09,89,80,7.16
416,Nouakchott,MR,2022-04-27 01:54:16,18.0858,-15.9785,69.73,62,0,18.32
417,Lubango,AO,2022-04-27 01:54:17,-14.9172,13.4925,58.87,68,5,2.64
418,Benghazi,LY,2022-04-27 01:54:17,32.1167,20.0667,68.14,50,10,11.5
419,Yatou,CN,2022-04-27 01:54:18,37.15,122.3833,55.9,42,0,18.75
420,Vitim,RU,2022-04-27 01:54:18,59.4511,112.5578,37.81,74,99,4.21
421,Pitsunda,GE,2022-04-27 01:54:19,43.1592,40.3378,50.18,82,4,6.26
422,Labuan,MY,2022-04-27 01:54:19,5.2767,115.2417,79.16,94,40,2.3
423,Cocal,BR,2022-04-27 01:54:20,-28.6167,-49.35,73.33,74,7,2.75
424,Bambous Virieux,MU,2022-04-27 01:54:20,-20.3428,57.7575,73.65,88,20,9.22
425,Gannan,CN,2022-04-27 01:54:20,47.9147,123.5031,50.13,26,59,12.48
426,Scarborough,GB,2022-04-27 01:54:21,54.2797,-0.4044,43.92,73,26,1.99
427,Saint-Louis,SN,2022-04-27 01:54:21,16.3333,-15.0,71.67,51,5,9.91
428,Teguldet,RU,2022-04-27 01:54:22,57.3064,88.1667,41.43,76,97,3.18
429,Kitimat,CA,2022-04-27 01:54:22,54.0524,-128.6534,46.9,62,75,4.05
430,Nizhniy Ingash,RU,2022-04-27 01:54:23,56.2,96.53,34.03,85,100,6.51
431,Senador Guiomard,BR,2022-04-27 01:54:23,-10.1522,-67.7392,78.55,90,44,2.3
432,Byron Bay,AU,2022-04-27 01:54:23,-28.65,153.6167,73.94,73,46,7.14
433,Bam,IR,2022-04-27 01:54:24,29.106,58.357,77.41,26,100,6.51
434,Iracoubo,GF,2022-04-27 01:54:24,5.4802,-53.2011,78.06,89,100,5.46
435,Cape Girardeau,US,2022-04-27 01:54:25,37.3834,-89.7168,51.8,55,0,4.88
436,Yulara,AU,2022-04-27 01:54:25,-25.2406,130.9889,76.84,31,96,5.75
437,Havre-Saint-Pierre,CA,2022-04-27 01:54:26,50.2334,-63.5986,37.76,93,100,2.3
438,Okha,RU,2022-04-27 01:52:37,53.5739,142.9478,29.73,95,100,23.22
439,Ambon,ID,2022-04-27 01:54:26,-3.6954,128.1814,87.94,66,20,3.44
440,Leshukonskoye,RU,2022-04-27 01:54:27,64.8989,45.7622,23.43,84,100,7.67
441,Strai,NO,2022-04-27 01:54:27,58.2,7.9,38.1,65,100,5.75
442,Dingle,PH,2022-04-27 01:54:28,10.9995,122.6711,85.48,71,100,11.5
443,Jutai,BR,2022-04-27 01:54:28,-5.1833,-68.9,72.34,98,95,2.08
444,Ucluelet,CA,2022-04-27 01:53:55,48.9329,-125.5528,49.08,76,11,1.01
445,Punta De Piedra,VE,2022-04-27 01:54:29,7.6176,-71.4916,74.8,91,94,2.71
446,Svetlogorsk,BY,2022-04-27 01:54:29,52.6333,29.7333,41.9,83,91,6.22
447,Rio Grande,BR,2022-04-27 01:52:44,-32.035,-52.0986,68.95,89,32,17.81
448,Kabompo,ZM,2022-04-27 01:54:30,-13.5927,24.2008,61.63,85,66,5.61
449,Srednekolymsk,RU,2022-04-27 01:54:30,67.45,153.6833,24.28,93,100,12.57
450,Wahiawa,US,2022-04-27 01:54:30,21.5028,-158.0236,75.79,67,51,8.9
451,Arman,RU,2022-04-27 01:54:31,59.7,150.1667,35.02,54,8,3.65
452,Cachoeira Do Sul,BR,2022-04-27 01:54:31,-30.0392,-52.8939,68.32,98,55,5.5
453,Wajima,JP,2022-04-27 01:54:32,37.4,136.9,61.48,47,75,4.61
454,Kokopo,PG,2022-04-27 01:54:32,-4.352,152.2633,85.15,65,20,4.79
455,Melivoia,GR,2022-04-27 01:54:33,39.75,22.8,51.06,58,0,2.39
456,Calama,CL,2022-04-27 01:55:33,-22.4667,-68.9333,52.29,16,0,10.36
457,Sompeta,IN,2022-04-27 01:55:34,18.9333,84.6,89.13,57,5,9.35
458,Ouango,CF,2022-04-27 01:55:34,4.3133,22.5552,70.57,99,100,1.07
459,Tatawin,TN,2022-04-27 01:55:35,32.9297,10.4518,61.47,66,100,11.21
460,Sudogda,RU,2022-04-27 01:55:35,55.9539,40.8629,45.73,91,100,4.68
461,Brigantine,US,2022-04-27 01:55:35,39.4101,-74.3646,61.05,93,100,6.76
462,Skelleftea,SE,2022-04-27 01:55:36,64.7507,20.9528,25.16,53,100,8.05
463,Liepaja,LV,2022-04-27 01:55:36,56.5419,21.0367,33.78,86,0,3.44
464,Crotone,IT,2022-04-27 01:55:37,39.0851,17.1178,61.2,55,0,4.32
465,Riosucio,CO,2022-04-27 01:55:37,5.4216,-75.7032,59.11,97,100,1.45
466,Pergamino,AR,2022-04-27 01:55:37,-33.89,-60.5736,73.18,95,1,12.62
467,Sibu,MY,2022-04-27 01:55:38,2.3,111.8167,79.11,88,40,3.44
468,Mujiayingzi,CN,2022-04-27 01:55:38,42.1167,118.7833,48.13,10,95,7.85
469,Vryburg,ZA,2022-04-27 01:55:39,-26.9566,24.7284,47.08,45,0,5.5
470,Tadine,NC,2022-04-27 01:55:39,-21.55,167.8833,75.97,59,100,16.51
471,Hofn,IS,2022-04-27 01:55:39,64.2539,-15.2082,40.84,82,43,11.12
472,Urubicha,BO,2022-04-27 01:55:40,-15.3833,-62.95,75.11,74,6,2.48
473,Cordoba,AR,2022-04-27 01:55:40,-31.4135,-64.1811,78.19,94,20,2.3
474,Virginia Beach,US,2022-04-27 01:52:57,36.8529,-75.978,63.01,88,100,12.21
475,Senekal,ZA,2022-04-27 01:55:41,-28.3197,27.6208,43.11,45,0,3.11
476,Gondanglegi,ID,2022-04-27 01:55:41,-7.7479,112.0132,82.72,77,99,5.66
477,Idrinskoye,RU,2022-04-27 01:55:42,54.3708,92.1358,45.91,51,95,4.29
478,Villa Bisono,DO,2022-04-27 01:55:42,19.5638,-70.8758,73.78,79,2,5.21
479,Baglung,NP,2022-04-27 01:55:43,28.2719,83.5898,79.66,22,0,2.33
480,Grand Gaube,MU,2022-04-27 01:55:43,-20.0064,57.6608,73.8,78,14,5.01
481,Ambulu,ID,2022-04-27 01:55:43,-8.345,113.6058,83.25,68,100,2.21
482,Uvat,RU,2022-04-27 01:55:44,59.1433,68.8953,47.44,80,100,11.59
483,Pedernales,DO,2022-04-27 01:55:44,18.0384,-71.744,77.63,72,50,6.13
484,Catuday,PH,2022-04-27 01:55:45,16.2923,119.8062,86.65,58,9,3.02
485,Teya,RU,2022-04-27 01:55:45,60.3778,92.6267,30.43,88,100,1.36
486,Pachino,IT,2022-04-27 01:55:46,36.7186,15.0907,59.32,67,0,7.25
487,Bathsheba,BB,2022-04-27 01:55:46,13.2167,-59.5167,77.61,88,40,4.61
488,Palmas,BR,2022-04-27 01:55:46,-10.2128,-48.3603,75.07,83,0,5.75
489,Progreso,MX,2022-04-27 01:55:47,21.2833,-89.6667,81.1,79,6,15.05
490,Stara Vyzhivka,UA,2022-04-27 01:55:47,51.4376,24.44,41.22,92,72,4.52
491,Fairbanks,US,2022-04-27 01:55:32,64.8378,-147.7164,52.14,37,0,8.05
492,Aldan,RU,2022-04-27 01:55:48,58.6031,125.3894,29.53,73,99,3.78
493,Ust-Kuyga,RU,2022-04-27 01:55:49,70.0167,135.6,14.72,84,60,4.99
494,Lamu,KE,2022-04-27 01:55:49,-2.2717,40.902,82.62,82,53,9.69
495,Antofagasta,CL,2022-04-27 01:55:50,-23.65,-70.4,61.88,82,100,5.5
496,Tynda,RU,2022-04-27 01:55:50,55.1667,124.7167,37.02,39,61,9.98
497,Januaria,BR,2022-04-27 01:55:51,-15.4833,-44.3667,71.28,59,12,4.29
498,Saint-Joseph,RE,2022-04-27 01:55:51,-21.3667,55.6167,71.98,80,25,3.29
499,Waingapu,ID,2022-04-27 01:55:51,-9.6567,120.2641,82.49,64,100,5.93
500,Hualmay,PE,2022-04-27 01:55:52,-11.0964,-77.6139,67.39,87,91,8.63
501,Muros,ES,2022-04-27 01:55:52,42.7762,-9.0603,51.84,95,8,6.29
502,Los Llanos De Aridane,ES,2022-04-27 01:55:53,28.6585,-17.9182,58.75,79,0,9.22
503,Piterka,RU,2022-04-27 01:56:53,50.6803,47.4454,59.97,65,100,14.16
504,Channel-Port Aux Basques,CA,2022-04-27 01:56:53,47.5702,-59.1367,38.73,84,100,6.17
505,Upata,VE,2022-04-27 01:56:54,8.0086,-62.3989,73.87,93,100,1.59
506,Igra,RU,2022-04-27 01:56:54,57.5558,53.0547,51.01,96,69,8.68
507,San Rafael,AR,2022-04-27 01:56:55,-34.6177,-68.3301,55.44,46,22,7.52
508,Suntar,RU,2022-04-27 01:56:55,62.1444,117.6319,34.59,65,80,5.08
509,Shingu,JP,2022-04-27 01:56:56,33.7333,135.9833,71.35,91,100,2.95
510,Portree,GB,2022-04-27 01:56:56,57.4129,-6.1942,41.52,80,75,4.47
511,Maniitsoq,GL,2022-04-27 01:56:57,65.4167,-52.9,33.01,98,100,28.23
512,Praia,CV,2022-04-27 01:56:53,14.9215,-23.5087,70.34,78,40,19.57
513,Porto Velho,BR,2022-04-27 01:56:57,-8.7619,-63.9039,78.85,94,20,1.14
514,Labuhan,ID,2022-04-27 01:56:58,-6.8844,112.2051,83.62,73,100,3.58
515,Naranjal,EC,2022-04-27 01:56:58,-2.6667,-79.6167,75.25,91,94,1.77
516,Tabas,IR,2022-04-27 01:56:58,33.5959,56.9244,80.82,28,100,9.22
517,Garowe,SO,2022-04-27 01:56:59,8.4054,48.4845,74.21,84,40,7.96
518,Praia Da Vitoria,PT,2022-04-27 01:56:38,38.7333,-27.0667,63.75,88,75,21.36
519,Ankazoabo,MG,2022-04-27 01:56:59,-22.2833,44.5167,70.07,89,91,5.59
520,Guatire,VE,2022-04-27 01:57:00,10.4762,-66.5427,77.2,97,100,1.12
521,Cam Ranh,VN,2022-04-27 01:57:00,11.9214,109.1591,87.76,66,20,2.3
522,Asau,RO,2022-04-27 01:57:01,46.4333,26.4,46.96,95,82,1.81
523,Sumkino,RU,2022-04-27 01:57:01,58.1108,68.3244,48.56,77,100,9.51
524,Kununurra,AU,2022-04-27 01:57:02,-15.7667,128.7333,91.38,40,26,3.44
525,Solnechnyy,RU,2022-04-27 01:57:02,50.7214,136.6319,29.14,93,100,16.96
526,Pizhma,RU,2022-04-27 01:57:02,57.8642,47.1171,45.0,91,100,4.36
527,Cayenne,GF,2022-04-27 01:55:16,4.9333,-52.3333,82.09,1,75,3.0
528,Flinders,AU,2022-04-27 01:57:03,-34.5833,150.8552,69.19,88,100,5.99
529,Shahreza,IR,2022-04-27 01:57:04,32.0339,51.8794,53.49,61,7,2.84
530,Port Blair,IN,2022-04-27 01:57:04,11.6667,92.75,82.44,89,75,0.0
531,Dalby,AU,2022-04-27 01:57:04,-27.1833,151.2667,72.36,59,86,13.6
532,Leh,IN,2022-04-27 01:57:05,34.1667,77.5833,40.24,52,2,1.21
533,Fortuna Foothills,US,2022-04-27 01:57:05,32.6578,-114.4119,95.05,5,0,12.66
534,Awbari,LY,2022-04-27 01:57:06,26.5921,12.7805,73.67,11,100,3.83
535,Khangah Dogran,PK,2022-04-27 01:57:06,31.8317,73.6231,87.08,15,0,1.5
